trial,index,2 Yr,10 Yr,err_avg,rnk_,kernel
5,RMSE,0.016825185647546745,0.010136940544709639,0.013481063096128192,1.0,kernel1
7,RMSE,0.014183760795238611,0.008974412021862374,0.011579086408550493,1.0,kernel2
